Datetime,Water Level (m)
2025-04-05 18:00:00,-0.009709952
2025-04-05 19:00:00,-0.00062087405
2025-04-05 20:00:00,0.0034341577
2025-04-05 21:00:00,0.0029524623
2025-04-05 22:00:00,-0.0020443639
2025-04-05 23:00:00,-0.009779937
2025-04-06 00:00:00,-0.018657383
2025-04-06 01:00:00,-0.027561976
2025-04-06 02:00:00,-0.03473349
2025-04-06 03:00:00,-0.03801499
2025-04-06 04:00:00,-0.037409768
2025-04-06 05:00:00,-0.03409086
2025-04-06 06:00:00,-0.030654894
2025-04-06 07:00:00,-0.029814921
2025-04-06 08:00:00,-0.0322071
2025-04-06 09:00:00,-0.037513793
2025-04-06 10:00:00,-0.046587184
2025-04-06 11:00:00,-0.054470092
2025-04-06 12:00:00,-0.06492724
2025-04-06 13:00:00,-0.074472316
2025-04-06 14:00:00,-0.08024519
2025-04-06 15:00:00,-0.080865555
2025-04-06 16:00:00,-0.07614825
2025-04-06 17:00:00,-0.06739758
2025-04-06 18:00:00,-0.055812616
2025-04-06 19:00:00,-0.043683413
2025-04-06 20:00:00,-0.03284469
2025-04-06 21:00:00,-0.02624632
2025-04-06 22:00:00,-0.024688771
2025-04-06 23:00:00,-0.027408538
2025-04-07 00:00:00,-0.033919908
2025-04-07 01:00:00,-0.042303845
2025-04-07 02:00:00,-0.051819496
2025-04-07 03:00:00,-0.060993586
2025-04-07 04:00:00,-0.06716108
2025-04-07 05:00:00,-0.06893304
2025-04-07 06:00:00,-0.066668846
2025-04-07 07:00:00,-0.061627384
2025-04-07 08:00:00,-0.05621619
2025-04-07 09:00:00,-0.053088028
2025-04-07 10:00:00,-0.054014284
2025-04-07 11:00:00,-0.05868572
2025-04-07 12:00:00,-0.06375058
2025-04-07 13:00:00,-0.07452644
2025-04-07 14:00:00,-0.084952414
2025-04-07 15:00:00,-0.09299657
2025-04-07 16:00:00,-0.095253944
2025-04-07 17:00:00,-0.092013
2025-04-07 18:00:00,-0.08344463
2025-04-07 19:00:00,-0.07009403
2025-04-07 20:00:00,-0.05520837
2025-04-07 21:00:00,-0.04088869
2025-04-07 22:00:00,-0.029954616
2025-04-07 23:00:00,-0.023900343
2025-04-08 00:00:00,-0.023854805
2025-04-08 01:00:00,-0.028173424
2025-04-08 02:00:00,-0.034964945
2025-04-08 03:00:00,-0.043747775
2025-04-08 04:00:00,-0.052059785
2025-04-08 05:00:00,-0.056562085
2025-04-08 06:00:00,-0.055394143
2025-04-08 07:00:00,-0.048057623
2025-04-08 08:00:00,-0.036812853
2025-04-08 09:00:00,-0.02516702
2025-04-08 10:00:00,-0.013974274
2025-04-08 11:00:00,-0.01004875
2025-04-08 12:00:00,-0.0139037715
2025-04-08 13:00:00,-0.017316647
2025-04-08 14:00:00,-0.023048881
2025-04-08 15:00:00,-0.031442918
2025-04-08 16:00:00,-0.039897863
2025-04-08 17:00:00,-0.044076424
2025-04-08 18:00:00,-0.04151045
2025-04-08 19:00:00,-0.031947613
2025-04-08 20:00:00,-0.018328644
2025-04-08 21:00:00,-0.002739278
2025-04-08 22:00:00,0.012149316
2025-04-08 23:00:00,0.021819597
2025-04-09 00:00:00,0.02501003
2025-04-09 01:00:00,0.022569973
2025-04-09 02:00:00,0.016484695
2025-04-09 03:00:00,0.0075279544
2025-04-09 04:00:00,-0.0031824408
2025-04-09 05:00:00,-0.013521987
2025-04-09 06:00:00,-0.019599617
2025-04-09 07:00:00,-0.019293118
2025-04-09 08:00:00,-0.0119648455
2025-04-09 09:00:00,4.105948e-05
2025-04-09 10:00:00,0.012455956
2025-04-09 11:00:00,0.022857215
2025-04-09 12:00:00,0.026696559
2025-04-09 13:00:00,0.025917243
2025-04-09 14:00:00,0.020802548
2025-04-09 15:00:00,0.012480654
2025-04-09 16:00:00,0.0016766299
2025-04-09 17:00:00,-0.008476139
2025-04-09 18:00:00,-0.013770732
2025-04-09 19:00:00,-0.011754621
2025-04-09 20:00:00,-0.0020457092
2025-04-09 21:00:00,0.012526355
2025-04-09 22:00:00,0.02869775
2025-04-09 23:00:00,0.043125585
2025-04-10 00:00:00,0.051821202
2025-04-10 01:00:00,0.05435672
2025-04-10 02:00:00,0.050965615
2025-04-10 03:00:00,0.043535434
2025-04-10 04:00:00,0.03355074
2025-04-10 05:00:00,0.022410339
2025-04-10 06:00:00,0.01357039
2025-04-10 07:00:00,0.011035741
2025-04-10 08:00:00,0.017276242
2025-04-10 09:00:00,0.030444419
2025-04-10 10:00:00,0.044302016
2025-04-10 11:00:00,0.058050778
2025-04-10 12:00:00,0.06856919
2025-04-10 13:00:00,0.07378985
2025-04-10 14:00:00,0.07205555
2025-04-10 15:00:00,0.06562682
2025-04-10 16:00:00,0.056702845
2025-04-10 17:00:00,0.046089087
2025-04-10 18:00:00,0.03763026
2025-04-10 19:00:00,0.035337098
2025-04-10 20:00:00,0.043416955
2025-04-10 21:00:00,0.060252834
2025-04-10 22:00:00,0.08070531
2025-04-10 23:00:00,0.099154755
2025-04-11 00:00:00,0.11284921
2025-04-11 01:00:00,0.119041555
2025-04-11 02:00:00,0.11754315
2025-04-11 03:00:00,0.11151475
2025-04-11 04:00:00,0.10230064
2025-04-11 05:00:00,0.091026865
2025-04-11 06:00:00,0.08000869
2025-04-11 07:00:00,0.07480539
2025-04-11 08:00:00,0.077327676
2025-04-11 09:00:00,0.09115298
2025-04-11 10:00:00,0.11093098
2025-04-11 11:00:00,0.12881923
2025-04-11 12:00:00,0.14214897
2025-04-11 13:00:00,0.14763153
2025-04-11 14:00:00,0.14617436
2025-04-11 15:00:00,0.1407554
2025-04-11 16:00:00,0.12933862
2025-04-11 17:00:00,0.118848294
2025-04-11 18:00:00,0.109551474
